Lane	Project	Sample	Sample_bam	Grouping	Virus	Day	Tissue	PF_Clusters	RIN	fastp_after_trimming_reads 	STAR_uniquely_mapped_reads	STAR_multi_mapped_reads	 STAR_total_mapped_reads	STAR_no_mapped_reads	FeatureCount_Assigned	FeatureCount_Unassigned_NoFeatures	FeatureCount_Unassigned_Ambiguity	Picard_PERCENT_DUPLICATION	Picard_PF_BASES	Picard_PF_ALIGNED_BASES	Picard_CODING_BASES	Picard_UTR_BASES	Picard_INTRONIC_BASES	Picard_INTERGENIC_BASES	Picard_CORRECT_STRAND_READS	Picard_INCORRECT_STRAND_READS	Picard_PCT_CODING_BASES	Picard_PCT_UTR_BASES	Picard_PCT_INTRONIC_BASES	Picard_PCT_INTERGENIC_BASES	Picard_PCT_MRNA_BASES	Picard_PCT_CORRECT_STRAND_READS
3	Dr_Sato	230323_Novaseq_S4_TruseqUD_l3_0001_A01_Dr_Sato_1_RNA_2dpi_BANAL_293_h	bam.230323_Novaseq_S4_TruseqUD_l3_0001_A01_Dr_Sato_1_RNA_2dpi_BANAL_293_h_S1.230323_Novaseq_S4_TruseqUD_l3_0001_A01_Dr_Sato_1_RNA_2dpi_BANAL_293_h_S1_Aligned.out.bam	BANAL-236_Hilum_2dpi	BANAL-236	2dpi	Hilum	"47,229,123"	8.8 	"40,626,235 "	"34,902,267 "	"1,169,376 "	"36,071,643 "	"4,554,592 "	"32,429,233 "	"2,443,253 "	"29,120 "	70.75%	"11,109,303,646 "	"9,387,591,487 "	"5,279,734,453 "	"3,402,428,301 "	"349,358,489 "	"356,070,244 "	"32,554,452 "	"178,793 "	56.24%	36.24%	3.72%	3.79%	92.49%	99.45%
3	Dr_Sato	230323_Novaseq_S4_TruseqUD_l3_0002_B01_Dr_Sato_2_2dpi_BANAL_294_h	bam.230323_Novaseq_S4_TruseqUD_l3_0002_B01_Dr_Sato_2_2dpi_BANAL_294_h_S2.230323_Novaseq_S4_TruseqUD_l3_0002_B01_Dr_Sato_2_2dpi_BANAL_294_h_S2_Aligned.out.bam	BANAL-236_Hilum_2dpi	BANAL-236	2dpi	Hilum	"45,923,790"	8.9 	"39,884,655 "	"34,442,916 "	"1,680,302 "	"36,123,218 "	"3,761,437 "	"31,988,972 "	"2,411,692 "	"41,678 "	62.82%	"10,936,302,392 "	"9,309,711,915 "	"5,404,074,036 "	"3,207,369,500 "	"354,204,490 "	"344,063,889 "	"32,374,774 "	"187,398 "	58.05%	34.45%	3.80%	3.70%	92.50%	99.42%
3	Dr_Sato	230323_Novaseq_S4_TruseqUD_l3_0003_C01_Dr_Sato_3_2dpi_BANAL_295_h	bam.230323_Novaseq_S4_TruseqUD_l3_0003_C01_Dr_Sato_3_2dpi_BANAL_295_h_S3.230323_Novaseq_S4_TruseqUD_l3_0003_C01_Dr_Sato_3_2dpi_BANAL_295_h_S3_Aligned.out.bam	BANAL-236_Hilum_2dpi	BANAL-236	2dpi	Hilum	"41,443,471"	9.0 	"36,059,480 "	"31,084,326 "	"1,518,040 "	"32,602,366 "	"3,457,114 "	"29,012,952 "	"2,029,180 "	"41,694 "	54.86%	"10,036,539,988 "	"8,534,454,588 "	"5,094,425,347 "	"2,838,725,663 "	"301,310,312 "	"299,993,266 "	"29,315,382 "	"156,594 "	59.69%	33.26%	3.53%	3.52%	92.95%	99.47%
3	Dr_Sato	230323_Novaseq_S4_TruseqUD_l3_0004_D01_Dr_Sato_4_2dpi_BANAL_296_h	bam.230323_Novaseq_S4_TruseqUD_l3_0004_D01_Dr_Sato_4_2dpi_BANAL_296_h_S4.230323_Novaseq_S4_TruseqUD_l3_0004_D01_Dr_Sato_4_2dpi_BANAL_296_h_S4_Aligned.out.bam	BANAL-236_Hilum_2dpi	BANAL-236	2dpi	Hilum	"51,022,966"	6.8 	"45,078,167 "	"39,617,257 "	"1,415,207 "	"41,032,464 "	"4,045,703 "	"36,861,490 "	"2,720,055 "	"35,088 "	57.70%	"12,228,688,295 "	"10,585,604,153 "	"6,349,005,422 "	"3,452,568,143 "	"413,439,217 "	"370,591,371 "	"36,947,828 "	"209,516 "	59.98%	32.62%	3.91%	3.50%	92.59%	99.44%
3	Dr_Sato	230323_Novaseq_S4_TruseqUD_l3_0005_E01_Dr_Sato_5_2dpi_WK_297_h	bam.230323_Novaseq_S4_TruseqUD_l3_0005_E01_Dr_Sato_5_2dpi_WK_297_h_S5.230323_Novaseq_S4_TruseqUD_l3_0005_E01_Dr_Sato_5_2dpi_WK_297_h_S5_Aligned.out.bam	WK-521_Hilum_2dpi	WK-521	2dpi	Hilum	"48,118,135"	9.4 	"41,554,279 "	"35,070,162 "	1128903	"36,199,065 "	5355214	"32,805,235 "	2233602	"30,592 "	61.05%	11199233724	9304560536	5467877424	3200242953	312533179	323906980	33446276	187021	58.77%	34.39%	3.36%	3.48%	93.16%	99.44%
3	Dr_Sato	230323_Novaseq_S4_TruseqUD_l3_0006_F01_Dr_Sato_6_2dpi_WK_298_h	bam.230323_Novaseq_S4_TruseqUD_l3_0006_F01_Dr_Sato_6_2dpi_WK_298_h_S6.230323_Novaseq_S4_TruseqUD_l3_0006_F01_Dr_Sato_6_2dpi_WK_298_h_S6_Aligned.out.bam	WK-521_Hilum_2dpi	WK-521	2dpi	Hilum	"44,490,527"	9.4 	"38,604,359 "	"31,866,606 "	"1,086,894 "	"32,953,500 "	"5,650,859 "	"29,764,780 "	"2,070,398 "	"30,814 "	52.53%	"10,563,695,020 "	"8,576,499,998 "	"5,262,541,210 "	"2,708,648,023 "	"323,072,444 "	"282,238,321 "	"30,572,397 "	"153,992 "	61.36%	31.58%	3.77%	3.29%	92.94%	99.50%
3	Dr_Sato	230323_Novaseq_S4_TruseqUD_l3_0007_G01_Dr_Sato_7_2dpi_WK_299_h	bam.230323_Novaseq_S4_TruseqUD_l3_0007_G01_Dr_Sato_7_2dpi_WK_299_h_S7.230323_Novaseq_S4_TruseqUD_l3_0007_G01_Dr_Sato_7_2dpi_WK_299_h_S7_Aligned.out.bam	WK-521_Hilum_2dpi	WK-521	2dpi	Hilum	"47,297,715"	8.4 	"41,486,331 "	"34,515,164 "	"1,547,981 "	"36,063,145 "	"5,423,186 "	"32,549,321 "	"1,926,592 "	"38,713 "	59.77%	"11,315,918,210 "	"9,255,799,947 "	"5,305,579,071 "	"3,409,818,831 "	"200,952,823 "	"339,449,222 "	"32,921,376 "	"194,331 "	57.32%	36.84%	2.17%	3.67%	94.16%	99.41%
3	Dr_Sato	230323_Novaseq_S4_TruseqUD_l3_0008_H01_Dr_Sato_8_2dpi_WK_300_h	bam.230323_Novaseq_S4_TruseqUD_l3_0008_H01_Dr_Sato_8_2dpi_WK_300_h_S8.230323_Novaseq_S4_TruseqUD_l3_0008_H01_Dr_Sato_8_2dpi_WK_300_h_S8_Aligned.out.bam	WK-521_Hilum_2dpi	WK-521	2dpi	Hilum	"40,509,859"	9.0 	"34,382,539 "	"28,277,089 "	"1,027,176 "	"29,304,265 "	"5,078,274 "	"26,467,043 "	"1,783,256 "	"26,111 "	57.83%	"9,423,677,682 "	"7,614,691,413 "	"4,453,059,066 "	"2,642,150,948 "	"250,163,906 "	"269,317,493 "	"26,988,929 "	"134,600 "	58.48%	34.70%	3.29%	3.54%	93.18%	99.50%
3	Dr_Sato	230323_Novaseq_S4_TruseqUD_l3_0009_A02_Dr_Sato_9_2dpi_delFCS_301_h	bam.230323_Novaseq_S4_TruseqUD_l3_0009_A02_Dr_Sato_9_2dpi_delFCS_301_h_S9.230323_Novaseq_S4_TruseqUD_l3_0009_A02_Dr_Sato_9_2dpi_delFCS_301_h_S9_Aligned.out.bam	WK-521 dFCS_Hilum_2dpi	WK-521 dFCS	2dpi	Hilum	"47,856,802"	9.5 	"42,144,081 "	"35,643,418 "	"1,245,438 "	"36,888,856 "	"5,255,225 "	"33,443,341 "	"2,166,015 "	"33,454 "	63.30%	"11,572,628,645 "	"9,618,055,891 "	"5,809,186,070 "	"3,180,326,317 "	"296,819,547 "	"331,723,957 "	"32,891,113 "	"168,213 "	60.40%	33.07%	3.09%	3.45%	93.47%	99.49%
3	Dr_Sato	230323_Novaseq_S4_TruseqUD_l3_0010_B02_Dr_Sato_10_2dpi_delFCS_302_h	bam.230323_Novaseq_S4_TruseqUD_l3_0010_B02_Dr_Sato_10_2dpi_delFCS_302_h_S10.230323_Novaseq_S4_TruseqUD_l3_0010_B02_Dr_Sato_10_2dpi_delFCS_302_h_S10_Aligned.out.bam	WK-521 dFCS_Hilum_2dpi	WK-521 dFCS	2dpi	Hilum	"48,858,575"	9.5 	"42,600,737 "	"37,802,297 "	"1,304,617 "	"39,106,914 "	"3,493,823 "	"35,323,843 "	"2,443,161 "	"34,669 "	56.98%	"11,589,185,504 "	"10,135,562,876 "	"6,113,263,607 "	"3,319,175,706 "	"339,038,989 "	"364,084,574 "	"34,435,742 "	"182,738 "	60.32%	32.75%	3.35%	3.59%	93.06%	99.47%
3	Dr_Sato	230323_Novaseq_S4_TruseqUD_l3_0011_C02_Dr_Sato_11_2dpi_delFCS_303_h	bam.230323_Novaseq_S4_TruseqUD_l3_0011_C02_Dr_Sato_11_2dpi_delFCS_303_h_S11.230323_Novaseq_S4_TruseqUD_l3_0011_C02_Dr_Sato_11_2dpi_delFCS_303_h_S11_Aligned.out.bam	WK-521 dFCS_Hilum_2dpi	WK-521 dFCS	2dpi	Hilum	"31,765,538"	9.1 	"27,397,292 "	"23,983,093 "	"865,663 "	"24,848,756 "	"2,548,536 "	"22,041,012 "	"1,919,565 "	"22,038 "	63.42%	"7,442,605,802 "	"6,419,426,262 "	"3,599,863,421 "	"2,266,805,257 "	"306,666,875 "	"246,090,709 "	"21,728,305 "	"132,532 "	56.08%	35.31%	4.78%	3.83%	91.39%	99.39%
3	Dr_Sato	230323_Novaseq_S4_TruseqUD_l3_0012_D02_Dr_Sato_12_2dpi_delFCS_304_h	bam.230323_Novaseq_S4_TruseqUD_l3_0012_D02_Dr_Sato_12_2dpi_delFCS_304_h_S12.230323_Novaseq_S4_TruseqUD_l3_0012_D02_Dr_Sato_12_2dpi_delFCS_304_h_S12_Aligned.out.bam	WK-521 dFCS_Hilum_2dpi	WK-521 dFCS	2dpi	Hilum	"42,574,556"	9.4 	"37,611,820 "	"32,748,223 "	"1,142,434 "	"33,890,657 "	"3,721,163 "	"30,840,070 "	"1,876,810 "	"30,894 "	55.40%	"10,267,287,070 "	"8,807,801,442 "	"5,331,235,583 "	"2,940,646,384 "	"232,339,332 "	"303,580,143 "	"30,430,071 "	"166,786 "	60.53%	33.39%	2.64%	3.45%	93.92%	99.45%
3	Dr_Sato	230323_Novaseq_S4_TruseqUD_l3_0013_E02_Dr_Sato_13_5dpi_Saline_305_h	bam.230323_Novaseq_S4_TruseqUD_l3_0013_E02_Dr_Sato_13_5dpi_Saline_305_h_S13.230323_Novaseq_S4_TruseqUD_l3_0013_E02_Dr_Sato_13_5dpi_Saline_305_h_S13_Aligned.out.bam	Control_Hilum_5dpi	Control	5dpi	Hilum	"55,320,506"	8.3 	"48,468,452 "	"42,475,064 "	"1,956,299 "	"44,431,363 "	"4,037,089 "	"39,342,375 "	"3,086,610 "	"45,592 "	76.01%	"12,992,614,008 "	"11,211,040,185 "	"5,631,873,231 "	"4,727,738,554 "	"360,893,218 "	"490,535,182 "	"40,324,011 "	"265,021 "	50.24%	42.17%	3.22%	4.38%	92.41%	99.35%
3	Dr_Sato	230323_Novaseq_S4_TruseqUD_l3_0014_F02_Dr_Sato_14_5dpi_Saline_306_h	bam.230323_Novaseq_S4_TruseqUD_l3_0014_F02_Dr_Sato_14_5dpi_Saline_306_h_S14.230323_Novaseq_S4_TruseqUD_l3_0014_F02_Dr_Sato_14_5dpi_Saline_306_h_S14_Aligned.out.bam	Control_Hilum_5dpi	Control	5dpi	Hilum	"47,074,025"	7.8 	"41,303,494 "	"37,101,302 "	"1,519,564 "	"38,620,866 "	"2,682,628 "	"34,501,224 "	"2,568,829 "	"30,865 "	84.23%	"11,039,167,902 "	"9,788,568,549 "	"4,507,615,088 "	"4,588,677,981 "	"228,925,349 "	"463,350,131 "	"36,297,094 "	"265,583 "	46.05%	46.88%	2.34%	4.73%	92.93%	99.27%
3	Dr_Sato	230323_Novaseq_S4_TruseqUD_l3_0015_G02_Dr_Sato_15_5dpi_Saline_307_h	bam.230323_Novaseq_S4_TruseqUD_l3_0015_G02_Dr_Sato_15_5dpi_Saline_307_h_S15.230323_Novaseq_S4_TruseqUD_l3_0015_G02_Dr_Sato_15_5dpi_Saline_307_h_S15_Aligned.out.bam	Control_Hilum_5dpi	Control	5dpi	Hilum	"28,656,603"	8.2 	"24,410,882 "	"21,141,292 "	"1,420,687 "	"22,561,979 "	"1,848,903 "	"19,195,465 "	"1,927,212 "	"18,428 "	85.54%	"6,380,882,978 "	"5,434,612,442 "	"1,982,071,170 "	"2,947,137,257 "	"185,320,994 "	"320,083,021 "	"21,328,057 "	"187,331 "	36.47%	54.23%	3.41%	5.89%	90.70%	99.13%
3	Dr_Sato	230323_Novaseq_S4_TruseqUD_l3_0016_H02_Dr_Sato_16_5dpi_Saline_308_h	bam.230323_Novaseq_S4_TruseqUD_l3_0016_H02_Dr_Sato_16_5dpi_Saline_308_h_S16.230323_Novaseq_S4_TruseqUD_l3_0016_H02_Dr_Sato_16_5dpi_Saline_308_h_S16_Aligned.out.bam	Control_Hilum_5dpi	Control	5dpi	Hilum	"41,358,702"	8.1 	"34,450,167 "	"30,388,089 "	"1,201,049 "	"31,589,138 "	"2,861,029 "	"28,325,971 "	"2,032,054 "	"29,108 "	69.48%	"9,351,994,653 "	"8,108,643,055 "	"4,105,095,040 "	"3,439,021,072 "	"216,389,810 "	"348,137,133 "	"28,520,431 "	"178,669 "	50.63%	42.41%	2.67%	4.29%	93.04%	99.38%
3	Dr_Sato	230323_Novaseq_S4_TruseqUD_l3_0017_A03_Dr_Sato_17_5dpi_BANAL_309_h	bam.230323_Novaseq_S4_TruseqUD_l3_0017_A03_Dr_Sato_17_5dpi_BANAL_309_h_S17.230323_Novaseq_S4_TruseqUD_l3_0017_A03_Dr_Sato_17_5dpi_BANAL_309_h_S17_Aligned.out.bam	BANAL-236_Hilum_5dpi	BANAL-236	5dpi	Hilum	"53,294,513"	8.6 	"46,790,393 "	"41,054,703 "	"1,636,401 "	"42,691,104 "	"4,099,289 "	"38,548,605 "	"2,461,993 "	"43,419 "	61.67%	"12,887,951,294 "	"11,144,521,423 "	"6,405,431,616 "	"4,028,581,030 "	"301,868,627 "	"408,640,150 "	"39,139,201 "	"226,736 "	57.48%	36.15%	2.71%	3.67%	93.62%	99.42%
3	Dr_Sato	230323_Novaseq_S4_TruseqUD_l3_0018_B03_Dr_Sato_18_5dpi_BANAL_310_h	bam.230323_Novaseq_S4_TruseqUD_l3_0018_B03_Dr_Sato_18_5dpi_BANAL_310_h_S18.230323_Novaseq_S4_TruseqUD_l3_0018_B03_Dr_Sato_18_5dpi_BANAL_310_h_S18_Aligned.out.bam	BANAL-236_Hilum_5dpi	BANAL-236	5dpi	Hilum	"40,774,241"	8.6 	"35,247,397 "	"31,376,878 "	"1,321,194 "	"32,698,072 "	"2,549,325 "	"29,076,923 "	"2,272,150 "	"27,388 "	71.17%	"9,574,155,314 "	"8,407,591,630 "	"4,311,597,998 "	"3,456,918,690 "	"280,419,831 "	"358,655,111 "	"29,561,120 "	"202,858 "	51.28%	41.12%	3.34%	4.27%	92.40%	99.32%
3	Dr_Sato	230323_Novaseq_S4_TruseqUD_l3_0019_C03_Dr_Sato_19_5dpi_BANAL_311_h	bam.230323_Novaseq_S4_TruseqUD_l3_0019_C03_Dr_Sato_19_5dpi_BANAL_311_h_S19.230323_Novaseq_S4_TruseqUD_l3_0019_C03_Dr_Sato_19_5dpi_BANAL_311_h_S19_Aligned.out.bam	BANAL-236_Hilum_5dpi	BANAL-236	5dpi	Hilum	"41,347,614"	7.8 	"35,583,089 "	"31,085,582 "	"1,801,124 "	"32,886,706 "	"2,696,383 "	"28,979,989 "	"2,073,600 "	"31,453 "	83.52%	"9,524,770,738 "	"8,192,153,194 "	"3,856,058,937 "	"3,779,826,397 "	"184,824,196 "	"371,443,664 "	"31,340,860 "	"253,239 "	47.07%	46.14%	2.26%	4.53%	93.21%	99.20%
3	Dr_Sato	230323_Novaseq_S4_TruseqUD_l3_0020_D03_Dr_Sato_20_5dpi_BANAL_312_h	bam.230323_Novaseq_S4_TruseqUD_l3_0020_D03_Dr_Sato_20_5dpi_BANAL_312_h_S20.230323_Novaseq_S4_TruseqUD_l3_0020_D03_Dr_Sato_20_5dpi_BANAL_312_h_S20_Aligned.out.bam	BANAL-236_Hilum_5dpi	BANAL-236	5dpi	Hilum	"30,622,751"	7.8 	"26,406,469 "	"22,409,808 "	"1,938,245 "	"24,348,053 "	"2,058,416 "	"20,541,635 "	"1,844,487 "	"23,517 "	86.36%	"6,651,452,413 "	"5,532,615,536 "	"2,273,838,129 "	"2,808,626,915 "	"157,328,468 "	"292,822,024 "	"23,592,806 "	"286,032 "	41.10%	50.76%	2.84%	5.29%	91.86%	98.80%
3	Dr_Sato	230323_Novaseq_S4_TruseqUD_l3_0021_E03_Dr_Sato_21_5dpi_WK_313_h	bam.230323_Novaseq_S4_TruseqUD_l3_0021_E03_Dr_Sato_21_5dpi_WK_313_h_S21.230323_Novaseq_S4_TruseqUD_l3_0021_E03_Dr_Sato_21_5dpi_WK_313_h_S21_Aligned.out.bam	WK-521_Hilum_5dpi	WK-521	5dpi	Hilum	"57,338,651"	8.1 	"50,023,894 "	"43,654,598 "	"2,451,159 "	"46,105,757 "	"3,918,137 "	"40,824,642 "	"2,789,883 "	"39,752 "	89.77%	"13,078,726,515 "	"11,233,572,202 "	"5,426,585,764 "	"5,107,001,761 "	"216,266,771 "	"483,717,906 "	"46,715,537 "	"507,341 "	48.31%	45.46%	1.93%	4.31%	93.77%	98.93%
3	Dr_Sato	230323_Novaseq_S4_TruseqUD_l3_0022_F03_Dr_Sato_22_5dpi_WK_314_h	bam.230323_Novaseq_S4_TruseqUD_l3_0022_F03_Dr_Sato_22_5dpi_WK_314_h_S22.230323_Novaseq_S4_TruseqUD_l3_0022_F03_Dr_Sato_22_5dpi_WK_314_h_S22_Aligned.out.bam	WK-521_Hilum_5dpi	WK-521	5dpi	Hilum	"30,260,965"	7.0 	"26,399,825 "	"22,990,469 "	"1,342,944 "	"24,333,413 "	"2,066,412 "	"21,325,757 "	"1,648,040 "	"16,504 "	89.57%	"6,693,521,892 "	"5,742,504,212 "	"2,395,212,461 "	"2,943,665,393 "	"113,132,960 "	"290,493,398 "	"24,726,459 "	"258,944 "	41.71%	51.26%	1.97%	5.06%	92.97%	98.96%
3	Dr_Sato	230323_Novaseq_S4_TruseqUD_l3_0023_G03_Dr_Sato_23_5dpi_WK_315_h	bam.230323_Novaseq_S4_TruseqUD_l3_0023_G03_Dr_Sato_23_5dpi_WK_315_h_S23.230323_Novaseq_S4_TruseqUD_l3_0023_G03_Dr_Sato_23_5dpi_WK_315_h_S23_Aligned.out.bam	WK-521_Hilum_5dpi	WK-521	5dpi	Hilum	"30,034,794"	7.6 	"26,575,834 "	"22,680,540 "	"1,053,571 "	"23,734,111 "	"2,841,723 "	"21,263,838 "	"1,396,329 "	"20,206 "	69.85%	"7,036,717,291 "	"5,923,017,631 "	"2,908,173,818 "	"2,654,396,624 "	"107,344,998 "	"253,102,191 "	"24,231,678 "	"235,802 "	49.10%	44.81%	1.81%	4.27%	93.91%	99.04%
3	Dr_Sato	230323_Novaseq_S4_TruseqUD_l3_0024_H03_Dr_Sato_24_5dpi_WK_316_h	bam.230323_Novaseq_S4_TruseqUD_l3_0024_H03_Dr_Sato_24_5dpi_WK_316_h_S24.230323_Novaseq_S4_TruseqUD_l3_0024_H03_Dr_Sato_24_5dpi_WK_316_h_S24_Aligned.out.bam	WK-521_Hilum_5dpi	WK-521	5dpi	Hilum	"43,340,403"	8.1 	"37,224,818 "	"32,583,593 "	"1,338,955 "	"33,922,548 "	"3,302,270 "	"30,880,751 "	"1,674,447 "	"27,848 "	72.67%	"10,193,663,057 "	"8,796,803,551 "	"5,051,638,204 "	"3,281,874,752 "	"154,217,513 "	"309,073,082 "	"33,276,363 "	"234,727 "	57.43%	37.31%	1.75%	3.51%	94.73%	99.30%
3	Dr_Sato	230323_Novaseq_S4_TruseqUD_l3_0025_A04_Dr_Sato_25_5dpi_delFCS_317_h	bam.230323_Novaseq_S4_TruseqUD_l3_0025_A04_Dr_Sato_25_5dpi_delFCS_317_h_S25.230323_Novaseq_S4_TruseqUD_l3_0025_A04_Dr_Sato_25_5dpi_delFCS_317_h_S25_Aligned.out.bam	WK-521 dFCS_Hilum_5dpi	WK-521 dFCS	5dpi	Hilum	"57,677,558"	9.9 	"50,454,949 "	"44,704,023 "	"1,510,613 "	46214636	4240313	"42,348,593 "	"2,311,041 "	"43,717 "	69.64%	"13,886,092,003 "	"12,136,715,361 "	"7,333,350,865 "	"4,135,586,477 "	"260,736,298 "	"407,041,721 "	"42,874,192 "	"231,771 "	60.42%	34.08%	2.15%	3.35%	94.50%	99.46%
3	Dr_Sato	230323_Novaseq_S4_TruseqUD_l3_0026_B04_Dr_Sato_26_5dpi_delFCS_318_h	bam.230323_Novaseq_S4_TruseqUD_l3_0026_B04_Dr_Sato_26_5dpi_delFCS_318_h_S26.230323_Novaseq_S4_TruseqUD_l3_0026_B04_Dr_Sato_26_5dpi_delFCS_318_h_S26_Aligned.out.bam	WK-521 dFCS_Hilum_5dpi	WK-521 dFCS	5dpi	Hilum	"48,450,282"	9.5 	"41,937,052 "	"37,236,108 "	"1,178,955 "	"38,415,063 "	"3,521,989 "	"35,013,779 "	"2,191,942 "	"29,865 "	71.44%	"11,306,347,472 "	"9,889,637,296 "	"5,759,013,815 "	"3,513,275,903 "	"257,464,306 "	"359,883,272 "	"34,597,548 "	"186,626 "	58.23%	35.52%	2.60%	3.64%	93.76%	99.46%
3	Dr_Sato	230323_Novaseq_S4_TruseqUD_l3_0027_C04_Dr_Sato_27_5dpi_delFCS_319_h	bam.230323_Novaseq_S4_TruseqUD_l3_0027_C04_Dr_Sato_27_5dpi_delFCS_319_h_S27.230323_Novaseq_S4_TruseqUD_l3_0027_C04_Dr_Sato_27_5dpi_delFCS_319_h_S27_Aligned.out.bam	WK-521 dFCS_Hilum_5dpi	WK-521 dFCS	5dpi	Hilum	"50,486,896"	9.8 	"43,965,217 "	"38,746,928 "	"1,369,151 "	"40,116,079 "	"3,849,138 "	"36,722,488 "	"1,985,305 "	"38,675 "	71.08%	"11,832,944,795 "	"10,269,551,738 "	"6,131,924,354 "	"3,583,464,088 "	"212,177,460 "	"341,985,836 "	"38,282,962 "	"225,752 "	59.71%	34.89%	2.07%	3.33%	94.60%	99.41%
3	Dr_Sato	230323_Novaseq_S4_TruseqUD_l3_0028_D04_Dr_Sato_28_5dpi_delFCS_320_h	bam.230323_Novaseq_S4_TruseqUD_l3_0028_D04_Dr_Sato_28_5dpi_delFCS_320_h_S28.230323_Novaseq_S4_TruseqUD_l3_0028_D04_Dr_Sato_28_5dpi_delFCS_320_h_S28_Aligned.out.bam	WK-521 dFCS_Hilum_5dpi	WK-521 dFCS	5dpi	Hilum	"43,470,829"	8.5 	"37,994,597 "	"33,507,061 "	"1,383,998 "	"34,891,059 "	"3,103,538 "	"31,268,234 "	"2,212,530 "	"25,939 "	81.89%	"10,025,074,846 "	"8,704,186,627 "	"4,452,140,463 "	"3,658,340,998 "	"218,168,802 "	"375,536,364 "	"32,692,787 "	"225,015 "	51.15%	42.03%	2.51%	4.31%	93.18%	99.32%
3	Dr_Sato	230323_Novaseq_S4_TruseqUD_l3_0029_E04_Dr_Sato_29_RNA_2dpi_BANAL_293_p	bam.230323_Novaseq_S4_TruseqUD_l3_0029_E04_Dr_Sato_29_RNA_2dpi_BANAL_293_p_S29.230323_Novaseq_S4_TruseqUD_l3_0029_E04_Dr_Sato_29_RNA_2dpi_BANAL_293_p_S29_Aligned.out.bam	BANAL-236_Periphery_2dpi	BANAL-236	2dpi	Periphery	"52,271,339"	9.8 	"46,126,620 "	"41,802,603 "	"1,437,818 "	"43,240,421 "	"2,886,199 "	"39,573,349 "	"2,188,368 "	"40,207 "	66.40%	"12,707,540,735 "	"11,388,205,979 "	"6,830,547,718 "	"3,924,877,003 "	"236,565,075 "	"396,216,183 "	"38,468,128 "	"208,652 "	59.98%	34.46%	2.08%	3.48%	94.44%	99.46%
3	Dr_Sato	230323_Novaseq_S4_TruseqUD_l3_0030_F04_Dr_Sato_30_2dpi_BANAL_294_p	bam.230323_Novaseq_S4_TruseqUD_l3_0030_F04_Dr_Sato_30_2dpi_BANAL_294_p_S30.230323_Novaseq_S4_TruseqUD_l3_0030_F04_Dr_Sato_30_2dpi_BANAL_294_p_S30_Aligned.out.bam	BANAL-236_Periphery_2dpi	BANAL-236	2dpi	Periphery	"50,158,165"	9.2 	"44,396,976 "	"40,152,876 "	"1,339,889 "	"41,492,765 "	"2,904,211 "	"37,834,572 "	"2,279,499 "	"38,272 "	70.73%	"12,143,295,426 "	"10,851,155,414 "	"6,352,681,515 "	"3,843,922,054 "	"263,277,187 "	"391,274,658 "	"36,985,554 "	"201,472 "	58.54%	35.42%	2.43%	3.61%	93.97%	99.46%
3	Dr_Sato	230323_Novaseq_S4_TruseqUD_l3_0031_G04_Dr_Sato_31_2dpi_BANAL_295_p	bam.230323_Novaseq_S4_TruseqUD_l3_0031_G04_Dr_Sato_31_2dpi_BANAL_295_p_S31.230323_Novaseq_S4_TruseqUD_l3_0031_G04_Dr_Sato_31_2dpi_BANAL_295_p_S31_Aligned.out.bam	BANAL-236_Periphery_2dpi	BANAL-236	2dpi	Periphery	"42,263,569"	9.2 	"36,422,866 "	"32,421,956 "	"1,214,355 "	"33,636,311 "	"2,786,555 "	"30,637,979 "	"1,749,395 "	"33,980 "	76.80%	"9,894,074,920 "	"8,682,638,611 "	"5,013,979,088 "	"3,174,438,741 "	"178,609,974 "	"315,610,808 "	"30,507,955 "	"166,720 "	57.75%	36.56%	2.06%	3.64%	94.31%	99.46%
3	Dr_Sato	230323_Novaseq_S4_TruseqUD_l3_0032_H04_Dr_Sato_32_2dpi_BANAL_296_p	bam.230323_Novaseq_S4_TruseqUD_l3_0032_H04_Dr_Sato_32_2dpi_BANAL_296_p_S32.230323_Novaseq_S4_TruseqUD_l3_0032_H04_Dr_Sato_32_2dpi_BANAL_296_p_S32_Aligned.out.bam	BANAL-236_Periphery_2dpi	BANAL-236	2dpi	Periphery	"47,845,750"	9.5 	"40,845,944 "	"35,807,393 "	"1,257,039 "	"37,064,432 "	"3,781,512 "	"33,847,654 "	"1,924,546 "	"34,592 "	68.98%	"11,157,798,863 "	"9,630,994,859 "	"5,589,232,839 "	"3,495,487,812 "	"200,049,333 "	"346,224,875 "	"33,671,045 "	"188,677 "	58.03%	36.29%	2.08%	3.59%	94.33%	99.44%
3	Dr_Sato	230323_Novaseq_S4_TruseqUD_l3_0033_A05_Dr_Sato_33_2dpi_WK_297_p	bam.230323_Novaseq_S4_TruseqUD_l3_0033_A05_Dr_Sato_33_2dpi_WK_297_p_S33.230323_Novaseq_S4_TruseqUD_l3_0033_A05_Dr_Sato_33_2dpi_WK_297_p_S33_Aligned.out.bam	WK-521_Periphery_2dpi	WK-521	2dpi	Periphery	"42,401,436"	9.5 	"35,468,116 "	"29,743,123 "	"936,275 "	"30,679,398 "	"4,788,718 "	"28,229,531 "	"1,487,190 "	"25,706 "	64.87%	"9,646,721,103 "	"7,944,875,635 "	"4,956,691,818 "	"2,565,653,703 "	"159,563,600 "	"262,966,514 "	"27,547,314 "	"145,432 "	62.39%	32.29%	2.01%	3.31%	94.68%	99.47%
3	Dr_Sato	230323_Novaseq_S4_TruseqUD_l3_0034_B05_Dr_Sato_34_2dpi_WK_298_p	bam.230323_Novaseq_S4_TruseqUD_l3_0034_B05_Dr_Sato_34_2dpi_WK_298_p_S34.230323_Novaseq_S4_TruseqUD_l3_0034_B05_Dr_Sato_34_2dpi_WK_298_p_S34_Aligned.out.bam	WK-521_Periphery_2dpi	WK-521	2dpi	Periphery	"45,586,594"	9.2 	"38,237,383 "	"32,051,371 "	"1,097,567 "	"33,148,938 "	"5,088,445 "	"30,365,595 "	"1,652,151 "	"32,824 "	71.19%	"10,317,425,793 "	"8,509,231,300 "	"5,189,956,945 "	"2,850,528,164 "	"191,826,513 "	"276,919,678 "	"30,394,784 "	"168,041 "	60.99%	33.50%	2.25%	3.25%	94.49%	99.45%
3	Dr_Sato	230323_Novaseq_S4_TruseqUD_l3_0035_C05_Dr_Sato_35_2dpi_WK_299_p	bam.230323_Novaseq_S4_TruseqUD_l3_0035_C05_Dr_Sato_35_2dpi_WK_299_p_S35.230323_Novaseq_S4_TruseqUD_l3_0035_C05_Dr_Sato_35_2dpi_WK_299_p_S35_Aligned.out.bam	WK-521_Periphery_2dpi	WK-521	2dpi	Periphery	"56,901,504"	9.7 	"47,129,276 "	"40,478,832 "	"1,315,521 "	"41,794,353 "	"5,334,923 "	"38,377,218 "	"2,060,912 "	"39,661 "	75.34%	"12,782,424,156 "	"10,801,324,876 "	"6,729,170,778 "	"3,486,304,697 "	"234,304,826 "	"351,544,575 "	"37,569,632 "	"200,105 "	62.30%	32.28%	2.17%	3.25%	94.58%	99.47%
3	Dr_Sato	230323_Novaseq_S4_TruseqUD_l3_0036_D05_Dr_Sato_36_2dpi_WK_300_p	bam.230323_Novaseq_S4_TruseqUD_l3_0036_D05_Dr_Sato_36_2dpi_WK_300_p_S36.230323_Novaseq_S4_TruseqUD_l3_0036_D05_Dr_Sato_36_2dpi_WK_300_p_S36_Aligned.out.bam	WK-521_Periphery_2dpi	WK-521	2dpi	Periphery	"39,753,119"	9.7 	"33,641,035 "	"29,436,616 "	"1,046,727 "	"30,483,343 "	"3,157,692 "	"27,952,382 "	"1,451,538 "	"32,201 "	77.33%	"9,021,876,014 "	"7,769,570,953 "	"4,883,365,176 "	"2,479,973,646 "	"163,900,475 "	"242,331,656 "	"27,717,917 "	"166,526 "	62.85%	31.92%	2.11%	3.12%	94.77%	99.40%
3	Dr_Sato	230323_Novaseq_S4_TruseqUD_l3_0037_E05_Dr_Sato_37_2dpi_delFCS_301_p	bam.230323_Novaseq_S4_TruseqUD_l3_0037_E05_Dr_Sato_37_2dpi_delFCS_301_p_S37.230323_Novaseq_S4_TruseqUD_l3_0037_E05_Dr_Sato_37_2dpi_delFCS_301_p_S37_Aligned.out.bam	WK-521 dFCS_Periphery_2dpi	WK-521 dFCS	2dpi	Periphery	"46,853,335"	9.7 	"40,132,159 "	"35,774,814 "	"1,115,551 "	"36,890,365 "	"3,241,794 "	"33,823,678 "	"1,918,724 "	"31,592 "	71.34%	"10,905,902,914 "	"9,579,976,562 "	"5,765,739,654 "	"3,267,089,291 "	"224,625,902 "	"322,521,715 "	"33,216,605 "	"194,668 "	60.19%	34.10%	2.34%	3.37%	94.29%	99.42%
3	Dr_Sato	230323_Novaseq_S4_TruseqUD_l3_0038_F05_Dr_Sato_38_2dpi_delFCS_302_p	bam.230323_Novaseq_S4_TruseqUD_l3_0038_F05_Dr_Sato_38_2dpi_delFCS_302_p_S38.230323_Novaseq_S4_TruseqUD_l3_0038_F05_Dr_Sato_38_2dpi_delFCS_302_p_S38_Aligned.out.bam	WK-521 dFCS_Periphery_2dpi	WK-521 dFCS	2dpi	Periphery	"40,545,711"	10.0 	"33,782,675 "	"29,523,631 "	"979,332 "	"30,502,963 "	"3,279,712 "	"28,138,029 "	"1,354,126 "	"30,798 "	79.13%	"9,140,607,383 "	"7,855,392,827 "	"5,019,161,233 "	"2,452,995,218 "	"145,516,496 "	"237,719,880 "	"27,803,108 "	"157,520 "	63.89%	31.23%	1.85%	3.03%	95.12%	99.44%
3	Dr_Sato	230323_Novaseq_S4_TruseqUD_l3_0039_G05_Dr_Sato_39_2dpi_delFCS_303_p	bam.230323_Novaseq_S4_TruseqUD_l3_0039_G05_Dr_Sato_39_2dpi_delFCS_303_p_S39.230323_Novaseq_S4_TruseqUD_l3_0039_G05_Dr_Sato_39_2dpi_delFCS_303_p_S39_Aligned.out.bam	WK-521 dFCS_Periphery_2dpi	WK-521 dFCS	2dpi	Periphery	"51,877,986"	9.7 	"43,282,160 "	"37,708,353 "	"1,222,884 "	"38,931,237 "	"4,350,923 "	"35,907,021 "	"1,766,021 "	"34,371 "	64.77%	"11,853,265,928 "	"10,155,430,800 "	"6,413,944,944 "	"3,238,044,752 "	"183,508,100 "	"319,933,004 "	"34,990,842 "	"193,961 "	63.16%	31.88%	1.81%	3.15%	95.04%	99.45%
3	Dr_Sato	230323_Novaseq_S4_TruseqUD_l3_0040_H05_Dr_Sato_40_2dpi_delFCS_304_p	bam.230323_Novaseq_S4_TruseqUD_l3_0040_H05_Dr_Sato_40_2dpi_delFCS_304_p_S40.230323_Novaseq_S4_TruseqUD_l3_0040_H05_Dr_Sato_40_2dpi_delFCS_304_p_S40_Aligned.out.bam	WK-521 dFCS_Periphery_2dpi	WK-521 dFCS	2dpi	Periphery	"39,249,315"	9.6 	"31,809,856 "	"27,149,146 "	"1,001,467 "	"28,150,613 "	"3,659,243 "	"25,699,184 "	"1,423,667 "	"25,591 "	69.46%	"8,573,463,922 "	"7,173,932,226 "	"4,275,720,428 "	"2,503,933,417 "	"149,546,966 "	"244,731,415 "	"25,330,284 "	"157,510 "	59.60%	34.90%	2.08%	3.41%	94.50%	99.38%
3	Dr_Sato	230323_Novaseq_S4_TruseqUD_l3_0041_A06_Dr_Sato_41_5dpi_Saline_305_p	bam.230323_Novaseq_S4_TruseqUD_l3_0041_A06_Dr_Sato_41_5dpi_Saline_305_p_S41.230323_Novaseq_S4_TruseqUD_l3_0041_A06_Dr_Sato_41_5dpi_Saline_305_p_S41_Aligned.out.bam	Control_Periphery_5dpi	Control	5dpi	Periphery	"43,287,456"	10.0 	"37,065,668 "	"33,144,434 "	"1,101,286 "	"34,245,720 "	"2,819,948 "	"31,186,077 "	"1,924,220 "	"33,605 "	74.46%	"10,064,941,727 "	"8,872,379,849 "	"5,355,899,245 "	"2,964,262,009 "	"249,322,010 "	"302,896,585 "	"30,227,051 "	"171,063 "	60.37%	33.41%	2.81%	3.41%	93.78%	99.44%
3	Dr_Sato	230323_Novaseq_S4_TruseqUD_l3_0042_B06_Dr_Sato_42_5dpi_Saline_306_p	bam.230323_Novaseq_S4_TruseqUD_l3_0042_B06_Dr_Sato_42_5dpi_Saline_306_p_S42.230323_Novaseq_S4_TruseqUD_l3_0042_B06_Dr_Sato_42_5dpi_Saline_306_p_S42_Aligned.out.bam	Control_Periphery_5dpi	Control	5dpi	Periphery	"45,233,530"	10.0 	"38,675,689 "	"34,580,124 "	"1,152,253 "	"35,732,377 "	"2,943,312 "	"32,798,097 "	"1,747,126 "	"34,236 "	61.32%	"10,690,145,228 "	"9,428,751,348 "	"5,816,406,559 "	"3,105,392,394 "	"192,932,501 "	"314,019,894 "	"31,861,054 "	"172,990 "	61.69%	32.94%	2.05%	3.33%	94.62%	99.46%
3	Dr_Sato	230323_Novaseq_S4_TruseqUD_l3_0043_C06_Dr_Sato_43_5dpi_Saline_307_p	bam.230323_Novaseq_S4_TruseqUD_l3_0043_C06_Dr_Sato_43_5dpi_Saline_307_p_S43.230323_Novaseq_S4_TruseqUD_l3_0043_C06_Dr_Sato_43_5dpi_Saline_307_p_S43_Aligned.out.bam	Control_Periphery_5dpi	Control	5dpi	Periphery	"42,726,816"	9.6 	"37,125,975 "	"32,591,886 "	"1,176,455 "	"33,768,341 "	"3,357,634 "	"30,783,691 "	"1,773,547 "	"34,217 "	72.40%	"10,042,234,208 "	"8,678,394,823 "	"5,206,078,494 "	"2,974,450,693 "	"176,436,105 "	"321,429,531 "	"30,073,039 "	"157,601 "	59.99%	34.27%	2.03%	3.70%	94.26%	99.48%
3	Dr_Sato	230323_Novaseq_S4_TruseqUD_l3_0044_D06_Dr_Sato_44_5dpi_Saline_308_p	bam.230323_Novaseq_S4_TruseqUD_l3_0044_D06_Dr_Sato_44_5dpi_Saline_308_p_S44.230323_Novaseq_S4_TruseqUD_l3_0044_D06_Dr_Sato_44_5dpi_Saline_308_p_S44_Aligned.out.bam	Control_Periphery_5dpi	Control	5dpi	Periphery	"43,147,742"	9.9 	"37,050,433 "	"33,387,240 "	"1,225,638 "	"34,612,878 "	"2,437,555 "	"31,541,908 "	"1,808,554 "	"36,303 "	76.30%	"9,931,753,809 "	"8,832,890,699 "	"5,429,767,915 "	"2,894,028,631 "	"215,512,411 "	"293,581,742 "	"30,994,971 "	"174,405 "	61.47%	32.76%	2.44%	3.32%	94.24%	99.44%
3	Dr_Sato	230323_Novaseq_S4_TruseqUD_l3_0045_E06_Dr_Sato_45_5dpi_BANAL_309_p	bam.230323_Novaseq_S4_TruseqUD_l3_0045_E06_Dr_Sato_45_5dpi_BANAL_309_p_S45.230323_Novaseq_S4_TruseqUD_l3_0045_E06_Dr_Sato_45_5dpi_BANAL_309_p_S45_Aligned.out.bam	BANAL-236_Periphery_5dpi	BANAL-236	5dpi	Periphery	"24,537,745"	6.5 	"20,949,735 "	"17,063,939 "	"2,257,668 "	"19,321,607 "	"1,628,128 "	"15,646,778 "	"1,396,380 "	"20,540 "	92.63%	"5,572,235,751 "	"4,464,159,022 "	"2,016,460,829 "	"2,092,167,337 "	"116,362,826 "	"239,168,030 "	"18,248,193 "	"253,771 "	45.17%	46.87%	2.61%	5.36%	92.04%	98.63%
3	Dr_Sato	230323_Novaseq_S4_TruseqUD_l3_0046_F06_Dr_Sato_46_5dpi_BANAL_310_p	bam.230323_Novaseq_S4_TruseqUD_l3_0046_F06_Dr_Sato_46_5dpi_BANAL_310_p_S46.230323_Novaseq_S4_TruseqUD_l3_0046_F06_Dr_Sato_46_5dpi_BANAL_310_p_S46_Aligned.out.bam	BANAL-236_Periphery_5dpi	BANAL-236	5dpi	Periphery	"43,335,277"	9.9 	"37,100,111 "	"33,236,771 "	"1,151,007 "	"34,387,778 "	"2,712,333 "	"31,546,814 "	"1,651,718 "	"37,676 "	74.59%	"10,078,072,460 "	"8,905,828,798 "	"5,578,529,051 "	"2,859,949,772 "	"179,698,588 "	"287,651,387 "	"31,599,298 "	"195,609 "	62.64%	32.11%	2.02%	3.23%	94.75%	99.38%
3	Dr_Sato	230323_Novaseq_S4_TruseqUD_l3_0047_G06_Dr_Sato_47_5dpi_BANAL_311_p	bam.230323_Novaseq_S4_TruseqUD_l3_0047_G06_Dr_Sato_47_5dpi_BANAL_311_p_S47.230323_Novaseq_S4_TruseqUD_l3_0047_G06_Dr_Sato_47_5dpi_BANAL_311_p_S47_Aligned.out.bam	BANAL-236_Periphery_5dpi	BANAL-236	5dpi	Periphery	"55,111,505"	9.8 	"47,371,390 "	"42,224,726 "	"1,598,144 "	"43,822,870 "	"3,548,520 "	"40,008,238 "	"2,164,547 "	"51,167 "	84.73%	"12,987,385,809 "	"11,425,046,205 "	"7,035,904,570 "	"3,762,736,545 "	"251,145,977 "	"375,259,113 "	"39,758,036 "	"220,437 "	61.58%	32.93%	2.20%	3.28%	94.52%	99.45%
3	Dr_Sato	230323_Novaseq_S4_TruseqUD_l3_0048_H06_Dr_Sato_48_5dpi_BANAL_312_p	bam.230323_Novaseq_S4_TruseqUD_l3_0048_H06_Dr_Sato_48_5dpi_BANAL_312_p_S48.230323_Novaseq_S4_TruseqUD_l3_0048_H06_Dr_Sato_48_5dpi_BANAL_312_p_S48_Aligned.out.bam	BANAL-236_Periphery_5dpi	BANAL-236	5dpi	Periphery	"34,781,346"	9.9 	"28,901,959 "	"25,383,497 "	"924,828 "	"26,308,325 "	"2,593,634 "	"23,929,000 "	"1,426,961 "	"26,914 "	74.53%	"7,849,008,827 "	"6,782,428,283 "	"4,067,107,665 "	"2,309,976,047 "	"175,098,743 "	"230,245,828 "	"23,531,338 "	"141,973 "	59.97%	34.06%	2.58%	3.39%	94.02%	99.40%
3	Dr_Sato	230323_Novaseq_S4_TruseqUD_l3_0049_A07_Dr_Sato_49_5dpi_WK_313_p	bam.230323_Novaseq_S4_TruseqUD_l3_0049_A07_Dr_Sato_49_5dpi_WK_313_p_S49.230323_Novaseq_S4_TruseqUD_l3_0049_A07_Dr_Sato_49_5dpi_WK_313_p_S49_Aligned.out.bam	WK-521_Periphery_5dpi	WK-521	5dpi	Periphery	"48,921,507"	9.6 	"41,558,562 "	"36,064,843 "	"1,164,994 "	"37,229,837 "	"4,328,725 "	"34,278,429 "	"1,754,102 "	"31,556 "	69.10%	"11,229,727,694 "	"9,586,277,457 "	"6,044,631,697 "	"3,043,776,487 "	"200,790,726 "	"297,078,547 "	"36,095,351 "	"199,587 "	63.06%	31.75%	2.09%	3.10%	94.81%	99.45%
3	Dr_Sato	230323_Novaseq_S4_TruseqUD_l3_0050_B07_Dr_Sato_50_5dpi_WK_314_p	bam.230323_Novaseq_S4_TruseqUD_l3_0050_B07_Dr_Sato_50_5dpi_WK_314_p_S50.230323_Novaseq_S4_TruseqUD_l3_0050_B07_Dr_Sato_50_5dpi_WK_314_p_S50_Aligned.out.bam	WK-521_Periphery_5dpi	WK-521	5dpi	Periphery	"52,921,957"	9.6 	"46,586,986 "	"41,286,100 "	"1,312,905 "	"42,599,005 "	"3,987,981 "	"39,435,731 "	"1,810,862 "	"38,812 "	70.86%	"12,726,439,682 "	"11,138,909,722 "	"7,244,055,354 "	"3,369,129,741 "	"213,316,505 "	"312,408,122 "	"41,691,795 "	"228,542 "	65.03%	30.25%	1.92%	2.80%	95.28%	99.45%
3	Dr_Sato	230323_Novaseq_S4_TruseqUD_l3_0051_C07_Dr_Sato_51_5dpi_WK_315_p	bam.230323_Novaseq_S4_TruseqUD_l3_0051_C07_Dr_Sato_51_5dpi_WK_315_p_S51.230323_Novaseq_S4_TruseqUD_l3_0051_C07_Dr_Sato_51_5dpi_WK_315_p_S51_Aligned.out.bam	WK-521_Periphery_5dpi	WK-521	5dpi	Periphery	"68,411,798"	9.9 	"60,680,094 "	"53,363,901 "	"1,500,748 "	"54,864,649 "	"5,815,445 "	"50,680,532 "	"2,634,330 "	"48,194 "	66.77%	"16,608,243,573 "	"14,399,315,790 "	"9,240,298,245 "	"4,393,945,148 "	"349,432,965 "	"415,639,432 "	"53,060,860 "	"306,818 "	64.17%	30.51%	2.43%	2.89%	94.69%	99.43%
3	Dr_Sato	230323_Novaseq_S4_TruseqUD_l3_0052_D07_Dr_Sato_52_5dpi_WK_316_p	bam.230323_Novaseq_S4_TruseqUD_l3_0052_D07_Dr_Sato_52_5dpi_WK_316_p_S52.230323_Novaseq_S4_TruseqUD_l3_0052_D07_Dr_Sato_52_5dpi_WK_316_p_S52_Aligned.out.bam	WK-521_Periphery_5dpi	WK-521	5dpi	Periphery	"14,819,012"	5.2 	"13,006,394 "	"8,566,634 "	"2,210,255 "	"10,776,889 "	"2,229,505 "	"7,944,356 "	"609,797 "	"12,395 "	94.68%	"3,453,112,326 "	"2,228,023,492 "	"1,206,072,547 "	"876,578,714 "	"45,683,188 "	"99,689,043 "	"9,582,077 "	"170,440 "	54.13%	39.34%	2.05%	4.47%	93.48%	98.25%
3	Dr_Sato	230323_Novaseq_S4_TruseqUD_l3_0053_E07_Dr_Sato_53_5dpi_delFCS_317_p	bam.230323_Novaseq_S4_TruseqUD_l3_0053_E07_Dr_Sato_53_5dpi_delFCS_317_p_S53.230323_Novaseq_S4_TruseqUD_l3_0053_E07_Dr_Sato_53_5dpi_delFCS_317_p_S53_Aligned.out.bam	WK-521 dFCS_Periphery_5dpi	WK-521 dFCS	5dpi	Periphery	"29,434,310"	6.4 	"25,542,345 "	"21,288,214 "	"1,954,418 "	"23,242,632 "	"2,299,713 "	"19,554,957 "	"1,713,220 "	"19,722 "	92.94%	"6,838,331,267 "	"5,610,283,073 "	"2,713,078,836 "	"2,435,342,448 "	"199,642,411 "	"262,219,378 "	"21,651,037 "	"249,844 "	48.36%	43.41%	3.56%	4.67%	91.77%	98.86%
3	Dr_Sato	230323_Novaseq_S4_TruseqUD_l3_0054_F07_Dr_Sato_54_5dpi_delFCS_318_p	bam.230323_Novaseq_S4_TruseqUD_l3_0054_F07_Dr_Sato_54_5dpi_delFCS_318_p_S54.230323_Novaseq_S4_TruseqUD_l3_0054_F07_Dr_Sato_54_5dpi_delFCS_318_p_S54_Aligned.out.bam	WK-521 dFCS_Periphery_5dpi	WK-521 dFCS	5dpi	Periphery	"33,171,603"	6.9 	"27,505,339 "	"23,752,164 "	"1,454,706 "	"25,206,870 "	"2,298,469 "	"21,726,368 "	"2,002,886 "	"22,416 "	91.67%	"7,334,648,405 "	"6,232,678,435 "	"3,369,905,266 "	"2,317,338,669 "	"227,162,863 "	"318,271,637 "	"22,235,833 "	"183,003 "	54.07%	37.18%	3.64%	5.11%	91.25%	99.18%
3	Dr_Sato	230323_Novaseq_S4_TruseqUD_l3_0055_G07_Dr_Sato_55_5dpi_delFCS_319_p	bam.230323_Novaseq_S4_TruseqUD_l3_0055_G07_Dr_Sato_55_5dpi_delFCS_319_p_S55.230323_Novaseq_S4_TruseqUD_l3_0055_G07_Dr_Sato_55_5dpi_delFCS_319_p_S55_Aligned.out.bam	WK-521 dFCS_Periphery_5dpi	WK-521 dFCS	5dpi	Periphery	"15,372,005"	7.8 	"13,472,106 "	"11,699,666 "	"790,886 "	"12,490,552 "	"981,554 "	"10,733,133 "	"956,111 "	"10,258 "	87.66%	"3,654,376,018 "	"3,132,380,597 "	"1,443,166,378 "	"1,422,886,719 "	"110,275,918 "	"156,051,582 "	"11,213,591 "	"106,939 "	46.07%	45.43%	3.52%	4.98%	91.50%	99.06%
3	Dr_Sato	230323_Novaseq_S4_TruseqUD_l3_0056_H07_Dr_Sato_56_5dpi_delFCS_320_p	bam.230323_Novaseq_S4_TruseqUD_l3_0056_H07_Dr_Sato_56_5dpi_delFCS_320_p_S56.230323_Novaseq_S4_TruseqUD_l3_0056_H07_Dr_Sato_56_5dpi_delFCS_320_p_S56_Aligned.out.bam	WK-521 dFCS_Periphery_5dpi	WK-521 dFCS	5dpi	Periphery	"32,724,786"	9.6 	"27,075,531 "	"23,581,483 "	"695,228 "	"24,276,711 "	"2,798,820 "	"22,028,802 "	"1,531,929 "	"20,192 "	66.85%	"7,367,730,168 "	"6,306,878,393 "	"3,843,922,621 "	"2,022,463,886 "	"226,235,848 "	"214,256,038 "	"21,715,003 "	"134,747 "	60.95%	32.07%	3.59%	3.40%	93.02%	99.38%